日期,注册天数,签到第几天,锁仓绩效积分,可用绩效积分,养老绩效积分,当前累计贡献值,,,,,,,,,,
2020年5月15日,76,7,187.850006,0.52,2.91,437905,,,,,,,,,,
日期,注册天数,登陆第几天,签到贡献值,阅读倍数,阅读贡献值,分享贡献值,广告贡献值,今日获取的总贡献值,转换比,贡献值转换成积分,释放比,释放积分,锁仓绩效积分,可用绩效积分,养老绩效积分,累计贡献值
2020年5月16日,76,7,1376,20,1260,50,160,2846,5190.180176,0.548343,0.002,0.376797,188.021545,0.821437,2.985359,440751
2020年5月17日,77,1,12,20,1260,50,160,1482,5190.180176,0.285539,0.002,0.376614,187.930466,1.122729,3.060682,442233
2020年5月18日,78,2,24,20,1260,50,160,1494,5190.180176,0.287851,0.002,0.376437,187.841888,1.423878,3.13597,443727
2020年5月19日,79,3,36,20,1260,50,160,1506,5190.180176,0.290163,0.002,0.376264,187.755783,1.724889,3.211222,445233
2020年5月20日,80,4,48,20,1260,50,160,1518,5190.180176,0.292475,0.002,0.376097,187.672165,2.025767,3.286442,446751
2020年5月21日,81,5,60,20,1260,50,160,1530,5190.180176,0.294787,0.002,0.375934,187.591019,2.326514,3.361629,448281
2020年5月22日,82,6,72,20,1260,50,160,1542,5190.180176,0.2971,0.002,0.375776,187.512344,2.627135,3.436784,449823
2020年5月23日,83,7,1376,20,1260,50,160,2846,5190.180176,0.548343,0.002,0.376121,187.68457,2.928032,3.512008,452669
2020年5月24日,84,1,12,20,1260,50,160,1482,5190.180176,0.285539,0.002,0.37594,187.594162,3.228784,3.587196,454151
2020年5月25日,85,2,24,20,1260,50,160,1494,5190.180176,0.287851,0.002,0.375764,187.506256,3.529395,3.662349,455645
2020年5月26日,86,3,36,20,1260,50,160,1506,5190.180176,0.290163,0.002,0.375593,187.420822,3.82987,3.737468,457151
2020年5月27日,87,4,48,20,1260,50,160,1518,5190.180176,0.292475,0.002,0.375427,187.337875,4.130211,3.812553,458669
2020年5月28日,88,5,60,20,1260,50,160,1530,5190.180176,0.294787,0.002,0.375265,187.257401,4.430423,3.887606,460199
2020年5月29日,89,6,72,20,1260,50,160,1542,5190.180176,0.2971,0.002,0.375109,187.179398,4.730511,3.962628,461741
2020年5月30日,90,7,1376,20,1260,50,160,2846,5190.180176,0.548343,0.002,0.375455,187.35228,5.030875,4.037719,464587
2020年5月31日,91,1,12,20,1260,50,160,1482,5190.180176,0.285539,0.0015,0.281457,187.356354,5.256041,4.09401,466069
2020年6月1日,92,2,24,20,1260,50,160,1494,5190.180176,0.287851,0.0015,0.281466,187.362747,5.481214,4.150304,467563
2020年6月2日,93,3,36,20,1260,50,160,1506,5190.180176,0.290163,0.0015,0.281479,187.371429,5.706397,4.2066,469069
2020年6月3日,94,4,48,20,1260,50,160,1518,5190.180176,0.292475,0.0015,0.281496,187.382416,5.931594,4.262899,470587
2020年6月4日,95,5,60,20,1260,50,160,1530,5190.180176,0.294787,0.0015,0.281516,187.395691,6.156806,4.319202,472117
2020年6月5日,96,6,72,20,1260,50,160,1542,5190.180176,0.2971,0.0015,0.281539,187.411255,6.382038,4.37551,473659
2020年6月6日,97,7,1376,20,1260,50,160,2846,5190.180176,0.548343,0.0015,0.281939,187.677658,6.607589,4.431898,476505
2020年6月7日,98,1,12,20,1260,50,160,1482,5190.180176,0.285539,0.0015,0.281945,187.681244,6.833145,4.488286,477987
2020年6月8日,99,2,24,20,1260,50,160,1494,5190.180176,0.287851,0.0015,0.281954,187.687149,7.058708,4.544677,479481
2020年6月9日,100,3,36,20,1260,50,160,1506,5190.180176,0.290163,0.0015,0.281966,187.695343,7.284281,4.60107,480987
2020年6月10日,101,4,48,16,1020,50,160,1278,5190.180176,0.246234,0.0015,0.281912,187.659668,7.50981,4.657453,482265
2020年6月11日,102,5,60,16,1020,50,160,1290,5190.180176,0.248546,0.0015,0.281862,187.626358,7.7353,4.713826,483555
2020年6月12日,103,6,72,16,1020,50,160,1302,5190.180176,0.250858,0.0015,0.281816,187.595398,7.960752,4.770189,484857
2020年6月13日,104,7,1376,16,1020,50,160,2606,5190.180176,0.502102,0.0015,0.282146,187.815353,8.186469,4.826618,487463
2020年6月14日,105,1,12,16,1020,50,160,1242,5190.180176,0.239298,0.0015,0.282082,187.772568,8.412135,4.883035,488705
2020年6月15日,106,2,24,16,1020,50,160,1254,5190.180176,0.24161,0.0015,0.282021,187.732147,8.637753,4.939439,489959
2020年6月16日,107,3,36,16,1020,50,160,1266,5190.180176,0.243922,0.0015,0.281964,187.694107,8.863324,4.995831,491225
2020年6月17日,108,4,48,16,1020,50,160,1278,5190.180176,0.246234,0.0015,0.281911,187.658432,9.088853,5.052214,492503
2020年6月18日,109,5,60,16,1020,50,160,1290,5190.180176,0.248546,0.0015,0.28186,187.625122,9.314342,5.108586,493793
2020年6月19日,110,6,72,16,1020,50,160,1302,5190.180176,0.250858,0.0015,0.281814,187.594162,9.539793,5.164948,495095
2020年6月20日,111,7,1376,16,1020,50,160,2606,5190.180176,0.502102,0.0015,0.282144,187.814117,9.765509,5.221377,497701
2020年6月21日,112,1,12,16,1020,50,160,1242,5190.180176,0.239298,0.0015,0.28208,187.771347,9.991173,5.277793,498943
2020年6月22日,113,2,24,16,1020,50,160,1254,5190.180176,0.24161,0.0015,0.282019,187.730942,10.216788,5.334198,500197
2020年6月23日,114,3,36,16,1020,50,160,1266,5190.180176,0.243922,0.0015,0.281962,187.692902,10.442358,5.39059,501463
2020年6月24日,115,4,48,16,1020,50,160,1278,5190.180176,0.246234,0.0015,0.281909,187.657227,10.667885,5.446972,502741
2020年6月25日,116,5,60,16,1020,50,160,1290,5190.180176,0.248546,0.0015,0.281859,187.623917,10.893372,5.503344,504031
2020年6月26日,117,6,72,16,1020,50,160,1302,5190.180176,0.250858,0.0015,0.281812,187.592957,11.118821,5.559706,505333
2020年6月27日,118,7,1376,16,1020,50,160,2606,5190.180176,0.502102,0.0015,0.282143,187.812927,11.344535,5.616135,507939
2020年6月28日,119,1,12,16,1020,50,160,1242,5190.180176,0.239298,0.0015,0.282078,187.770157,11.570197,5.67255,509181
2020年6月29日,120,2,24,16,1020,50,160,1254,5190.180176,0.24161,0.0015,0.282018,187.729752,11.795812,5.728954,510435
2020年6月30日,121,3,36,16,1020,50,160,1266,5190.180176,0.243922,0.001,0.187974,187.785706,11.946191,5.766549,511701
2020年7月1日,122,4,48,16,1020,50,160,1278,5190.180176,0.246234,0.001,0.188032,187.843903,12.096617,5.804155,512979
2020年7月2日,123,5,60,16,1020,50,160,1290,5190.180176,0.248546,0.001,0.188092,187.904358,12.24709,5.841774,514269
2020年7月3日,124,6,72,16,1020,50,160,1302,5190.180176,0.250858,0.001,0.188155,187.967056,12.397614,5.879405,515571
2020年7月4日,125,7,1376,16,1020,50,160,2606,5190.180176,0.502102,0.001,0.188469,188.280685,12.548389,5.917099,518177
2020年7月5日,126,1,12,16,1020,50,160,1242,5190.180176,0.239298,0.001,0.18852,188.331467,12.699205,5.954803,519419
2020年7月6日,127,2,24,16,1020,50,160,1254,5190.180176,0.24161,0.001,0.188573,188.384506,12.850064,5.992517,520673
2020年7月7日,128,3,36,16,1020,50,160,1266,5190.180176,0.243922,0.001,0.188628,188.439804,13.000967,6.030243,521939
2020年7月8日,129,4,48,16,1020,50,160,1278,5190.180176,0.246234,0.001,0.188686,188.497345,13.151916,6.06798,523217
2020年7月9日,130,5,60,16,1020,50,160,1290,5190.180176,0.248546,0.001,0.188746,188.557144,13.302913,6.10573,524507
2020年7月10日,131,6,72,16,1020,50,160,1302,5190.180176,0.250858,0.001,0.188808,188.619186,13.453959,6.143491,525809
2020年7月11日,132,7,1376,16,1020,50,160,2606,5190.180176,0.502102,0.001,0.189121,188.932175,13.605256,6.181315,528415
2020年7月12日,133,1,12,16,1020,50,160,1242,5190.180176,0.239298,0.001,0.189171,188.9823,13.756594,6.21915,529657
2020年7月13日,134,2,24,16,1020,50,160,1254,5190.180176,0.24161,0.001,0.189224,189.034683,13.907973,6.256994,530911
2020年7月14日,135,3,36,16,1020,50,160,1266,5190.180176,0.243922,0.001,0.189279,189.089325,14.059396,6.29485,532177
2020年7月15日,136,4,48,16,1020,50,160,1278,5190.180176,0.246234,0.001,0.189336,189.146225,14.210864,6.332717,533455
2020年7月16日,137,5,60,16,1020,50,160,1290,5190.180176,0.248546,0.001,0.189395,189.205383,14.36238,6.370596,534745
2020年7月17日,138,6,72,16,1020,50,160,1302,5190.180176,0.250858,0.001,0.189456,189.266785,14.513945,6.408487,536047
2020年7月18日,139,7,1376,16,1020,50,160,2606,5190.180176,0.502102,0.001,0.189769,189.579117,14.66576,6.446441,538653
2020年7月19日,140,1,12,16,1020,50,160,1242,5190.180176,0.239298,0.001,0.189818,189.628601,14.817615,6.484405,539895
2020年7月20日,141,2,24,16,1020,50,160,1254,5190.180176,0.24161,0.001,0.18987,189.680344,14.969511,6.522379,541149
2020年7月21日,142,3,36,12,780,50,160,1026,5190.180176,0.197681,0.001,0.189878,189.688141,15.121413,6.560355,542175
2020年7月22日,143,4,48,12,780,50,160,1038,5190.180176,0.199993,0.001,0.189888,189.698242,15.273324,6.598332,543213
2020年7月23日,144,5,60,12,780,50,160,1050,5190.180176,0.202305,0.001,0.189901,189.710648,15.425244,6.636312,544263
2020年7月24日,145,6,72,12,780,50,160,1062,5190.180176,0.204617,0.001,0.189915,189.725357,15.577176,6.674295,545325
2020年7月25日,146,7,1376,12,780,50,160,2366,5190.180176,0.455861,0.001,0.190181,189.991028,15.729321,6.712332,547691
2020年7月26日,147,1,12,12,780,50,160,1002,5190.180176,0.193057,0.001,0.190184,189.993896,15.881469,6.750369,548693
2020年7月27日,148,2,24,12,780,50,160,1014,5190.180176,0.195369,0.001,0.190189,189.999084,16.033621,6.788406,549707
2020年7月28日,149,3,36,12,780,50,160,1026,5190.180176,0.197681,0.001,0.190197,190.006561,16.185778,6.826446,550733
2020年7月29日,150,4,48,12,780,50,160,1038,5190.180176,0.199993,0.001,0.190207,190.016357,16.337942,6.864487,551771
2020年7月30日,151,5,60,12,780,50,160,1050,5190.180176,0.202305,0.0008,0.152175,190.066483,16.459682,6.894922,552821
2020年7月31日,152,6,72,12,780,50,160,1062,5190.180176,0.204617,0.0008,0.152217,190.118881,16.581455,6.925365,553883
2020年8月1日,153,7,1376,12,780,50,160,2366,5190.180176,0.455861,0.0008,0.15246,190.422272,16.703423,6.955857,556249
2020年8月2日,154,1,12,12,780,50,160,1002,5190.180176,0.193057,0.0008,0.152492,190.46283,16.825417,6.986355,557251
2020年8月3日,155,2,24,12,780,50,160,1014,5190.180176,0.195369,0.0008,0.152527,190.505676,16.947437,7.01686,558265
2020年8月4日,156,3,36,12,780,50,160,1026,5190.180176,0.197681,0.0008,0.152563,190.550797,17.069487,7.047373,559291
2020年8月5日,157,4,48,12,780,50,160,1038,5190.180176,0.199993,0.0008,0.152601,190.59819,17.191566,7.077893,560329
2020年8月6日,158,5,60,12,780,50,160,1050,5190.180176,0.202305,0.0008,0.15264,190.647858,17.313679,7.108421,561379
2020年8月7日,159,6,72,12,780,50,160,1062,5190.180176,0.204617,0.0008,0.152682,190.699799,17.435823,7.138957,562441
2020年8月8日,160,7,1376,12,780,50,160,2366,5190.180176,0.455861,0.0008,0.152925,191.002731,17.558163,7.169542,564807
2020年8月9日,161,1,12,12,780,50,160,1002,5190.180176,0.193057,0.0008,0.152957,191.042831,17.680529,7.200133,565809
2020年8月10日,162,2,24,12,780,50,160,1014,5190.180176,0.195369,0.0008,0.152991,191.08522,17.802921,7.230731,566823
2020年8月11日,163,3,36,12,780,50,160,1026,5190.180176,0.197681,0.0008,0.153026,191.129868,17.925343,7.261337,567849
2020年8月12日,164,4,48,12,780,50,160,1038,5190.180176,0.199993,0.0008,0.153064,191.176804,18.047794,7.29195,568887
2020年8月13日,165,5,60,12,780,50,160,1050,5190.180176,0.202305,0.0008,0.153103,191.225998,18.170277,7.32257,569937
2020年8月14日,166,6,72,12,780,50,160,1062,5190.180176,0.204617,0.0008,0.153144,191.277481,18.292791,7.353199,570999
2020年8月15日,167,7,1376,12,780,50,160,2366,5190.180176,0.455861,0.0008,0.153387,191.579956,18.415501,7.383876,573365
2020年8月16日,168,1,12,12,780,50,160,1002,5190.180176,0.193057,0.0008,0.153418,191.619598,18.538235,7.41456,574367
2020年8月17日,169,2,24,12,780,50,160,1014,5190.180176,0.195369,0.0008,0.153452,191.661514,18.660995,7.44525,575381
2020年8月18日,170,3,36,12,780,50,160,1026,5190.180176,0.197681,0.0008,0.153487,191.705704,18.783785,7.475947,576407
2020年8月19日,171,4,48,12,780,50,160,1038,5190.180176,0.199993,0.0008,0.153525,191.752182,18.906605,7.506652,577445
2020年8月20日,172,5,60,12,780,50,160,1050,5190.180176,0.202305,0.0008,0.153564,191.800919,19.029455,7.537365,578495
2020年8月21日,173,6,72,12,780,50,160,1062,5190.180176,0.204617,0.0008,0.153604,191.851929,19.152338,7.568086,579557
2020年8月22日,174,7,1376,12,780,50,160,2366,5190.180176,0.455861,0.0008,0.153846,192.153946,19.275415,7.598855,581923
2020年8月23日,175,1,12,12,780,50,160,1002,5190.180176,0.193057,0.0008,0.153878,192.193115,19.398518,7.629631,582925
2020年8月24日,176,2,24,12,780,50,160,1014,5190.180176,0.195369,0.0008,0.153911,192.234573,19.521646,7.660413,583939
2020年8月25日,177,3,36,12,780,50,160,1026,5190.180176,0.197681,0.0008,0.153946,192.278305,19.644804,7.691202,584965
2020年8月26日,178,4,48,12,780,50,160,1038,5190.180176,0.199993,0.0008,0.153983,192.324326,19.76799,7.721999,586003
2020年8月27日,179,5,60,12,780,50,160,1050,5190.180176,0.202305,0.0008,0.154021,192.372604,19.891207,7.752803,587053
2020年8月28日,180,6,72,12,780,50,160,1062,5190.180176,0.204617,0.0008,0.154062,192.423157,20.014456,7.783615,588115
2020年8月29日,181,7,1376,12,780,50,160,2366,5190.180176,0.455861,0.0006,0.115727,192.76329,20.107038,7.806761,590481
2020年8月30日,182,1,12,12,780,50,160,1002,5190.180176,0.193057,0.0006,0.115774,192.840576,20.199657,7.829916,591483
2020年8月31日,183,2,24,12,780,50,160,1014,5190.180176,0.195369,0.0006,0.115822,192.920135,20.292315,7.85308,592497
2020年9月1日,184,3,36,12,780,50,160,1026,5190.180176,0.197681,0.0006,0.115871,193.001938,20.385012,7.876254,593523
2020年9月2日,185,4,48,12,780,50,160,1038,5190.180176,0.199993,0.0006,0.115921,193.086014,20.477749,7.899438,594561
2020年9月3日,186,5,60,12,780,50,160,1050,5190.180176,0.202305,0.0006,0.115973,193.172348,20.570528,7.922633,595611
2020年9月4日,187,6,72,12,780,50,160,1062,5190.180176,0.204617,0.0006,0.116026,193.260941,20.663349,7.945838,596673
2020年9月5日,188,7,1376,12,780,50,160,2366,5190.180176,0.455861,0.0006,0.11623,193.600571,20.756332,7.969084,599039
2020年9月6日,189,1,12,12,780,50,160,1002,5190.180176,0.193057,0.0006,0.116276,193.677353,20.849354,7.99234,600041
2020年9月7日,190,2,24,8,540,50,160,774,5190.180176,0.149128,0.0006,0.116296,193.710175,20.94239,8.015599,600815
2020年9月8日,191,3,36,8,540,50,160,786,5190.180176,0.15144,0.0006,0.116317,193.7453,21.035444,8.038862,601601
2020年9月9日,192,4,48,8,540,50,160,798,5190.180176,0.153752,0.0006,0.116339,193.782715,21.128515,8.06213,602399
2020年9月10日,193,5,60,8,540,50,160,810,5190.180176,0.156064,0.0006,0.116363,193.822418,21.221605,8.085402,603209
2020年9月11日,194,6,72,8,540,50,160,822,5190.180176,0.158376,0.0006,0.116388,193.864395,21.314716,8.10868,604031
2020年9月12日,195,7,1376,8,540,50,160,2126,5190.180176,0.40962,0.0006,0.116564,194.157455,21.407969,8.131992,606157
2020年9月13日,196,1,12,8,540,50,160,762,5190.180176,0.146816,0.0006,0.116583,194.187698,21.501234,8.155309,606919
2020年9月14日,197,2,24,8,540,50,160,774,5190.180176,0.149128,0.0006,0.116602,194.220215,21.594515,8.178629,607693
2020年9月15日,198,3,36,8,540,50,160,786,5190.180176,0.15144,0.0006,0.116623,194.255035,21.687813,8.201954,608479
2020年9月16日,199,4,48,8,540,50,160,798,5190.180176,0.153752,0.0006,0.116645,194.292145,21.78113,8.225283,609277
2020年9月17日,200,5,60,8,540,50,160,810,5190.180176,0.156064,0.0006,0.116669,194.331543,21.874464,8.248616,610087
2020年9月18日,201,6,72,8,540,50,160,822,5190.180176,0.158376,0.0006,0.116694,194.373215,21.967819,8.271955,610909
2020年9月19日,202,7,1376,8,540,50,160,2126,5190.180176,0.40962,0.0006,0.11687,194.66597,22.061316,8.295328,613035
2020年9月20日,203,1,12,8,540,50,160,762,5190.180176,0.146816,0.0006,0.116888,194.695908,22.154825,8.318706,613797
2020年9月21日,204,2,24,8,540,50,160,774,5190.180176,0.149128,0.0006,0.116907,194.728119,22.24835,8.342087,614571
2020年9月22日,205,3,36,8,540,50,160,786,5190.180176,0.15144,0.0006,0.116928,194.762634,22.341892,8.365473,615357
2020年9月23日,206,4,48,8,540,50,160,798,5190.180176,0.153752,0.0006,0.11695,194.799438,22.435452,8.388863,616155
2020年9月24日,207,5,60,8,540,50,160,810,5190.180176,0.156064,0.0006,0.116973,194.838531,22.52903,8.412257,616965
2020年9月25日,208,6,72,8,540,50,160,822,5190.180176,0.158376,0.0006,0.116998,194.879898,22.622629,8.435657,617787
2020年9月26日,209,7,1376,8,540,50,160,2126,5190.180176,0.40962,0.0006,0.117174,195.172348,22.716368,8.459091,619913
2020年9月27日,210,1,12,8,540,50,160,762,5190.180176,0.146816,0.0006,0.117192,195.201981,22.810122,8.48253,620675
2020年9月28日,211,2,24,8,540,50,160,774,5190.180176,0.149128,0.0004,0.07814,195.272964,22.872633,8.498158,621449
2020年9月29日,212,3,36,8,540,50,160,786,5190.180176,0.15144,0.0004,0.07817,195.346237,22.935169,8.513791,622235
2020年9月30日,213,4,48,8,540,50,160,798,5190.180176,0.153752,0.0004,0.0782,195.421783,22.997728,8.529431,623033
2020年10月1日,214,5,60,8,540,50,160,810,5190.180176,0.156064,0.0004,0.078231,195.499619,23.060314,8.545077,623843
2020年10月2日,215,6,72,8,540,50,160,822,5190.180176,0.158376,0.0004,0.078263,195.579727,23.122925,8.56073,624665
2020年10月3日,216,7,1376,8,540,50,160,2126,5190.180176,0.40962,0.0004,0.078396,195.91095,23.185642,8.576409,626791
2020年10月4日,217,1,12,8,540,50,160,762,5190.180176,0.146816,0.0004,0.078423,195.97934,23.248381,8.592094,627553
2020年10月5日,218,2,24,8,540,50,160,774,5190.180176,0.149128,0.0004,0.078451,196.050018,23.311142,8.607784,628327
2020年10月6日,219,3,36,8,540,50,160,786,5190.180176,0.15144,0.0004,0.078481,196.122986,23.373926,8.623481,629113
2020年10月7日,220,4,48,8,540,50,160,798,5190.180176,0.153752,0.0004,0.078511,196.198227,23.436735,8.639183,629911
2020年10月8日,221,5,60,8,540,50,160,810,5190.180176,0.156064,0.0004,0.078542,196.275757,23.499569,8.654891,630721
2020年10月9日,222,6,72,8,540,50,160,822,5190.180176,0.158376,0.0004,0.078574,196.35556,23.562428,8.670606,631543
2020年10月10日,223,7,1376,8,540,50,160,2126,5190.180176,0.40962,0.0004,0.078706,196.686478,23.625393,8.686347,633669
2020年10月11日,224,1,12,8,540,50,160,762,5190.180176,0.146816,0.0004,0.078733,196.754562,23.688379,8.702094,634431
2020年10月12日,225,2,24,8,540,50,160,774,5190.180176,0.149128,0.0004,0.078761,196.824921,23.751389,8.717846,635205
2020年10月13日,226,3,36,8,540,50,160,786,5190.180176,0.15144,0.0004,0.078791,196.897568,23.814421,8.733604,635991
2020年10月14日,227,4,48,8,540,50,160,798,5190.180176,0.153752,0.0004,0.078821,196.972488,23.877478,8.749369,636789
2020年10月15日,228,5,60,8,540,50,160,810,5190.180176,0.156064,0.0004,0.078851,197.049698,23.940559,8.765139,637599
2020年10月16日,229,6,72,8,540,50,160,822,5190.180176,0.158376,0.0004,0.078883,197.129181,24.003666,8.780915,638421
2020年10月17日,230,7,1376,8,540,50,160,2126,5190.180176,0.40962,0.0004,0.079016,197.459793,24.066879,8.796719,640547
2020年10月18日,231,1,12,8,540,50,160,762,5190.180176,0.146816,0.0004,0.079043,197.527573,24.130114,8.812527,641309
2020年10月19日,232,2,24,8,540,50,160,774,5190.180176,0.149128,0.0004,0.079071,197.597626,24.193371,8.828341,642083
2020年10月20日,233,3,36,8,540,50,160,786,5190.180176,0.15144,0.0004,0.0791,197.669968,24.256651,8.84416,642869
2020年10月21日,234,4,48,8,540,50,160,798,5190.180176,0.153752,0.0004,0.079129,197.744583,24.319954,8.859986,643667
2020年10月22日,235,5,60,8,540,50,160,810,5190.180176,0.156064,0.0004,0.07916,197.821487,24.383282,8.875818,644477
2020年10月23日,236,6,72,8,540,50,160,822,5190.180176,0.158376,0.0004,0.079192,197.900665,24.446636,8.891657,645299
2020年10月24日,237,7,1376,8,540,50,160,2126,5190.180176,0.40962,0.0004,0.079324,198.230957,24.510096,8.907521,647425
2020年10月25日,238,1,12,8,540,50,160,762,5190.180176,0.146816,0.0004,0.079351,198.298431,24.573576,8.923391,648187
2020年10月26日,239,2,24,8,540,50,160,774,5190.180176,0.149128,0.0004,0.079379,198.368179,24.637079,8.939267,648961
2020年10月27日,240,3,36,8,540,50,160,786,5190.180176,0.15144,0.0004,0.079408,198.440216,24.700605,8.955149,649747
2020年10月28日,241,4,48,8,540,50,160,798,5190.180176,0.153752,0.0003,0.059578,198.534378,24.748268,8.967064,650545
2020年10月29日,242,5,60,8,540,50,160,810,5190.180176,0.156064,0.0003,0.059607,198.630844,24.795954,8.978986,651355
2020年10月30日,243,6,72,8,540,50,160,822,5190.180176,0.158376,0.0003,0.059637,198.729584,24.843662,8.990913,652177
2020年10月31日,244,7,1376,8,540,50,160,2126,5190.180176,0.40962,0.0003,0.059742,199.079468,24.891457,9.002862,654303
2020年11月1日,245,1,12,8,540,50,160,762,5190.180176,0.146816,0.0003,0.059768,199.166519,24.93927,9.014815,655065
2020年11月2日,246,2,24,8,540,50,160,774,5190.180176,0.149128,0.0003,0.059795,199.255844,24.987106,9.026774,655839
2020年11月3日,247,3,36,8,540,50,160,786,5190.180176,0.15144,0.0003,0.059822,199.347458,25.034964,9.038739,656625
2020年11月4日,248,4,48,8,540,50,160,798,5190.180176,0.153752,0.0003,0.05985,199.44136,25.082844,9.05071,657423
2020年11月5日,249,5,60,8,540,50,160,810,5190.180176,0.156064,0.0003,0.059879,199.537552,25.130747,9.062686,658233
2020年11月6日,250,6,72,8,540,50,160,822,5190.180176,0.158376,0.0003,0.059909,199.636017,25.178675,9.074668,659055
2020年11月7日,251,7,1376,8,540,50,160,2126,5190.180176,0.40962,0.0003,0.060014,199.985626,25.226686,9.086671,661181
2020年11月8日,252,1,12,4,300,50,160,522,5190.180176,0.100575,0.0003,0.060026,200.026169,25.274708,9.098676,661703
2020年11月9日,253,2,24,4,300,50,160,534,5190.180176,0.102887,0.0003,0.060039,200.069016,25.322739,9.110683,662237
2020年11月10日,254,3,36,4,300,50,160,546,5190.180176,0.105199,0.0003,0.060052,200.114151,25.370781,9.122694,662783
2020年11月11日,255,4,48,4,300,50,160,558,5190.180176,0.107511,0.0003,0.060067,200.161591,25.418835,9.134707,663341
2020年11月12日,256,5,60,4,300,50,160,570,5190.180176,0.109823,0.0003,0.060081,200.211334,25.4669,9.146724,663911
2020年11月13日,257,6,72,4,300,50,160,582,5190.180176,0.112135,0.0003,0.060097,200.263367,25.514978,9.158743,664493
2020年11月14日,258,7,1376,4,300,50,160,1886,5190.180176,0.363379,0.0003,0.060188,200.566559,25.563129,9.17078,666379
2020年11月15日,259,1,12,4,300,50,160,522,5190.180176,0.100575,0.0003,0.0602,200.606934,25.61129,9.18282,666901
2020年11月16日,260,2,24,4,300,50,160,534,5190.180176,0.102887,0.0003,0.060213,200.649612,25.65946,9.194863,667435
2020年11月17日,261,3,36,4,300,50,160,546,5190.180176,0.105199,0.0003,0.060226,200.69458,25.707642,9.206908,667981
2020年11月18日,262,4,48,4,300,50,160,558,5190.180176,0.107511,0.0003,0.060241,200.741852,25.755835,9.218956,668539
2020年11月19日,263,5,60,4,300,50,160,570,5190.180176,0.109823,0.0003,0.060256,200.791412,25.804039,9.231007,669109
2020年11月20日,264,6,72,4,300,50,160,582,5190.180176,0.112135,0.0003,0.060271,200.843277,25.852257,9.243061,669691
2020年11月21日,265,7,1376,4,300,50,160,1886,5190.180176,0.363379,0.0003,0.060362,201.146286,25.900547,9.255134,671577
2020年11月22日,266,1,12,4,300,50,160,522,5190.180176,0.100575,0.0003,0.060374,201.186478,25.948847,9.267208,672099
2020年11月23日,267,2,24,4,300,50,160,534,5190.180176,0.102887,0.0003,0.060387,201.228973,25.997156,9.279285,672633
2020年11月24日,268,3,36,4,300,50,160,546,5190.180176,0.105199,0.0003,0.0604,201.273773,26.045477,9.291366,673179
2020年11月25日,269,4,48,4,300,50,160,558,5190.180176,0.107511,0.0003,0.060414,201.320877,26.093809,9.303449,673737
2020年11月26日,270,5,60,4,300,50,160,570,5190.180176,0.109823,0.0003,0.060429,201.37027,26.142153,9.315535,674307
2020年11月27日,271,6,72,4,300,50,160,582,5190.180176,0.112135,0.0002,0.040296,201.442108,26.174391,9.323594,674889
2020年11月28日,272,7,1376,4,300,50,160,1886,5190.180176,0.363379,0.0002,0.040361,201.765121,26.20668,9.331666,676775
2020年11月29日,273,1,12,4,300,50,160,522,5190.180176,0.100575,0.0002,0.040373,201.825317,26.238979,9.339741,677297
2020年11月30日,274,2,24,4,300,50,160,534,5190.180176,0.102887,0.0002,0.040386,201.887817,26.271288,9.347817,677831
2020年12月1日,275,3,36,4,300,50,160,546,5190.180176,0.105199,0.0002,0.040399,201.952606,26.303606,9.355897,678377
2020年12月2日,276,4,48,4,300,50,160,558,5190.180176,0.107511,0.0002,0.040412,202.019714,26.335936,9.363979,678935
2020年12月3日,277,5,60,4,300,50,160,570,5190.180176,0.109823,0.0002,0.040426,202.089111,26.368277,9.372065,679505
2020年12月4日,278,6,72,4,300,50,160,582,5190.180176,0.112135,0.0002,0.04044,202.160812,26.400629,9.380153,680087
2020年12月5日,279,7,1376,4,300,50,160,1886,5190.180176,0.363379,0.0002,0.040505,202.483673,26.433033,9.388253,681973
2020年12月6日,280,1,12,4,300,50,160,522,5190.180176,0.100575,0.0002,0.040517,202.543732,26.465446,9.396357,682495
2020年12月7日,281,2,24,4,300,50,160,534,5190.180176,0.102887,0.0002,0.040529,202.606094,26.497869,9.404463,683029
2020年12月8日,282,3,36,4,300,50,160,546,5190.180176,0.105199,0.0002,0.040542,202.670746,26.530304,9.412571,683575
2020年12月9日,283,4,48,4,300,50,160,558,5190.180176,0.107511,0.0002,0.040556,202.737701,26.562748,9.420682,684133
2020年12月10日,284,5,60,4,300,50,160,570,5190.180176,0.109823,0.0002,0.04057,202.806946,26.595203,9.428796,684703
2020年12月11日,285,6,72,4,300,50,160,582,5190.180176,0.112135,0.0002,0.040584,202.878494,26.62767,9.436913,685285
2020年12月12日,286,7,1376,4,300,50,160,1886,5190.180176,0.363379,0.0002,0.040648,203.201218,26.660189,9.445043,687171
2020年12月13日,287,1,12,4,300,50,160,522,5190.180176,0.100575,0.0002,0.04066,203.261124,26.692717,9.453175,687693
2020年12月14日,288,2,24,4,300,50,160,534,5190.180176,0.102887,0.0002,0.040673,203.323334,26.725254,9.461309,688227
2020年12月15日,289,3,36,4,300,50,160,546,5190.180176,0.105199,0.0002,0.040686,203.387848,26.757803,9.469446,688773
2020年12月16日,290,4,48,4,300,50,160,558,5190.180176,0.107511,0.0002,0.040699,203.454666,26.790361,9.477586,689331
2020年12月17日,291,5,60,4,300,50,160,570,5190.180176,0.109823,0.0002,0.040713,203.523773,26.822931,9.485728,689901
2020年12月18日,292,6,72,4,300,50,160,582,5190.180176,0.112135,0.0002,0.040727,203.595184,26.855513,9.493874,690483
2020年12月19日,293,7,1376,4,300,50,160,1886,5190.180176,0.363379,0.0002,0.040792,203.91777,26.888145,9.502032,692369
2020年12月20日,294,1,12,4,300,50,160,522,5190.180176,0.100575,0.0002,0.040804,203.977539,26.920788,9.510193,692891
2020年12月21日,295,2,24,4,300,50,160,534,5190.180176,0.102887,0.0002,0.040816,204.039612,26.953442,9.518356,693425
2020年12月22日,296,3,36,4,300,50,160,546,5190.180176,0.105199,0.0002,0.040829,204.103973,26.986105,9.526522,693971
2020年12月23日,297,4,48,4,300,50,160,558,5190.180176,0.107511,0.0002,0.040842,204.170639,27.01878,9.53469,694529
2020年12月24日,298,5,60,4,300,50,160,570,5190.180176,0.109823,0.0002,0.040856,204.239594,27.051464,9.542861,695099
2020年12月25日,299,6,72,4,300,50,160,582,5190.180176,0.112135,0.0002,0.04087,204.310867,27.08416,9.551035,695681
2020年12月26日,300,7,1376,4,300,50,160,1886,5190.180176,0.363379,0.0002,0.040935,204.633301,27.116907,9.559222,697567
2020年12月27日,301,1,12,4,300,50,160,522,5190.180176,0.100575,0.00015,0.03071,204.703156,27.141476,9.565364,698089
2020年12月28日,302,2,24,4,300,50,160,534,5190.180176,0.102887,0.00015,0.030721,204.77533,27.166052,9.571508,698623
2020年12月29日,303,3,36,4,300,50,160,546,5190.180176,0.105199,0.00015,0.030732,204.849792,27.190638,9.577655,699169
2020年12月30日,304,4,48,4,300,50,160,558,5190.180176,0.107511,0.00015,0.030744,204.926559,27.215233,9.583803,699727
2020年12月31日,305,5,60,4,300,50,160,570,5190.180176,0.109823,0.00015,0.030755,205.005615,27.239838,9.589954,700297
2021年1月1日,306,6,72,4,300,50,160,582,5190.180176,0.112135,0.00015,0.030768,205.08699,27.264452,9.596107,700879
2021年1月2日,307,7,1376,4,300,50,160,1886,5190.180176,0.363379,0.00015,0.030818,205.41954,27.289106,9.602271,702765
2021年1月3日,308,1,12,4,300,50,160,522,5190.180176,0.100575,0.00015,0.030828,205.489288,27.313768,9.608437,703287
2021年1月4日,309,2,24,4,300,50,160,534,5190.180176,0.102887,0.00015,0.030839,205.56134,27.33844,9.614604,703821
2021年1月5日,310,3,36,4,300,50,160,546,5190.180176,0.105199,0.00015,0.03085,205.635681,27.363119,9.620774,704367
2021年1月6日,311,4,48,4,300,50,160,558,5190.180176,0.107511,0.00015,0.030861,205.712326,27.387808,9.626946,704925
2021年1月7日,312,5,60,4,300,50,160,570,5190.180176,0.109823,0.00015,0.030873,205.791275,27.412506,9.633121,705495
2021年1月8日,313,6,72,4,300,50,160,582,5190.180176,0.112135,0.00015,0.030886,205.872528,27.437214,9.639298,706077
2021年1月9日,314,7,1376,4,300,50,160,1886,5190.180176,0.363379,0.00015,0.030935,206.204971,27.461962,9.645486,707963
2021年1月10日,315,1,12,4,300,50,160,522,5190.180176,0.100575,0.00015,0.030946,206.274597,27.486719,9.651675,708485
2021年1月11日,316,2,24,4,300,50,160,534,5190.180176,0.102887,0.00015,0.030957,206.346527,27.511484,9.657866,709019
2021年1月12日,317,3,36,4,300,50,160,546,5190.180176,0.105199,0.00015,0.030968,206.420746,27.536259,9.66406,709565
2021年1月13日,318,4,48,4,300,50,160,558,5190.180176,0.107511,0.00015,0.030979,206.497284,27.561043,9.670256,710123
2021年1月14日,319,5,60,4,300,50,160,570,5190.180176,0.109823,0.00015,0.030991,206.576111,27.585836,9.676454,710693
2021年1月15日,320,6,72,4,300,50,160,582,5190.180176,0.112135,0.00015,0.031003,206.657242,27.61064,9.682654,711275
2021年1月16日,321,7,1376,4,300,50,160,1886,5190.180176,0.363379,0.00015,0.031053,206.989563,27.635483,9.688865,713161
2021年1月17日,322,1,12,4,300,50,160,522,5190.180176,0.100575,0.00015,0.031064,207.059067,27.660334,9.695077,713683
2021年1月18日,323,2,24,4,300,50,160,534,5190.180176,0.102887,0.00015,0.031074,207.13089,27.685194,9.701292,714217
2021年1月19日,324,3,36,4,300,50,160,546,5190.180176,0.105199,0.00015,0.031085,207.205002,27.710062,9.707509,714763
2021年1月20日,325,4,48,4,300,50,160,558,5190.180176,0.107511,0.00015,0.031097,207.281418,27.73494,9.713728,715321
2021年1月21日,326,5,60,4,300,50,160,570,5190.180176,0.109823,0.00015,0.031109,207.360123,27.759827,9.71995,715891
2021年1月22日,327,6,72,4,300,50,160,582,5190.180176,0.112135,0.00015,0.031121,207.441132,27.784723,9.726174,716473
2021年1月23日,328,7,1376,4,300,50,160,1886,5190.180176,0.363379,0.00015,0.031171,207.773331,27.80966,9.732409,718359
2021年1月24日,329,1,12,4,300,50,160,522,5190.180176,0.100575,0.00015,0.031181,207.842728,27.834604,9.738645,718881
2021年1月25日,330,2,24,4,300,50,160,534,5190.180176,0.102887,0.00015,0.031192,207.914429,27.859558,9.744883,719415
2021年1月26日,331,3,36,4,300,50,160,546,5190.180176,0.105199,0.00015,0.031203,207.988419,27.88452,9.751123,719961
2021年1月27日,332,4,48,4,300,50,160,558,5190.180176,0.107511,0.00015,0.031214,208.064713,27.909491,9.757366,720519
2021年1月28日,333,5,60,1,120,50,160,390,5190.180176,0.075142,0.00015,0.031221,208.108627,27.934467,9.763611,720909
2021年1月29日,334,6,72,1,120,50,160,402,5190.180176,0.077454,0.00015,0.031228,208.154846,27.95945,9.769856,721311
2021年1月30日,335,7,1376,1,120,50,160,1706,5190.180176,0.328698,0.00015,0.031273,208.452286,27.984468,9.776111,723017
2021年1月31日,336,1,12,1,120,50,160,342,5190.180176,0.065894,0.00015,0.031278,208.486893,28.009491,9.782366,723359
2021年2月1日,337,2,24,1,120,50,160,354,5190.180176,0.068206,0.00015,0.031283,208.523819,28.034517,9.788623,723713
2021年2月2日,338,3,36,1,120,50,160,366,5190.180176,0.070518,0.00015,0.031289,208.563034,28.059549,9.794881,724079
2021年2月3日,339,4,48,1,120,50,160,378,5190.180176,0.07283,0.00015,0.031295,208.604568,28.084585,9.80114,724457
2021年2月4日,340,5,60,1,120,50,160,390,5190.180176,0.075142,0.00015,0.031302,208.648407,28.109627,9.8074,724847
2021年2月5日,341,6,72,1,120,50,160,402,5190.180176,0.077454,0.00015,0.031309,208.69455,28.134674,9.813662,725249
2021年2月6日,342,7,1376,1,120,50,160,1706,5190.180176,0.328698,0.00015,0.031353,208.991898,28.159758,9.819932,726955
2021年2月7日,343,1,12,1,120,50,160,342,5190.180176,0.065894,0.00015,0.031359,209.026428,28.184845,9.826203,727297
2021年2月8日,344,2,24,1,120,50,160,354,5190.180176,0.068206,0.00015,0.031364,209.063278,28.209936,9.832477,727651
2021年2月9日,345,3,36,1,120,50,160,366,5190.180176,0.070518,0.00015,0.03137,209.102417,28.235033,9.838751,728017
2021年2月10日,346,4,48,1,120,50,160,378,5190.180176,0.07283,0.00015,0.031376,209.143875,28.260134,9.845026,728395
2021年2月11日,347,5,60,1,120,50,160,390,5190.180176,0.075142,0.00015,0.031383,209.187622,28.28524,9.851302,728785
2021年2月12日,348,6,72,1,120,50,160,402,5190.180176,0.077454,0.00015,0.03139,209.233688,28.310352,9.85758,729187
2021年2月13日,349,7,1376,1,120,50,160,1706,5190.180176,0.328698,0.00015,0.031434,209.53096,28.335501,9.863867,730893
2021年2月14日,350,1,12,1,120,50,160,342,5190.180176,0.065894,0.00015,0.03144,209.565414,28.360653,9.870154,731235
2021年2月15日,351,2,24,1,120,50,160,354,5190.180176,0.068206,0.00015,0.031445,209.602173,28.385809,9.876444,731589
2021年2月16日,352,3,36,1,120,50,160,366,5190.180176,0.070518,0.00015,0.031451,209.641235,28.410969,9.882734,731955
2021年2月17日,353,4,48,1,120,50,160,378,5190.180176,0.07283,0.00015,0.031457,209.682602,28.436134,9.889026,732333
2021年2月18日,354,5,60,1,120,50,160,390,5190.180176,0.075142,0.00015,0.031464,209.726273,28.461306,9.895318,732723
2021年2月19日,355,6,72,1,120,50,160,402,5190.180176,0.077454,0.00015,0.031471,209.772263,28.486483,9.901612,733125
2021年2月20日,356,7,1376,1,120,50,160,1706,5190.180176,0.328698,0.00015,0.031515,210.069458,28.511694,9.907915,734831
2021年2月21日,357,1,12,1,120,50,160,342,5190.180176,0.065894,0.00015,0.03152,210.103821,28.536911,9.914219,735173
2021年2月22日,358,2,24,1,120,50,160,354,5190.180176,0.068206,0.00015,0.031526,210.140503,28.562132,9.920524,735527
2021年2月23日,359,3,36,1,120,50,160,366,5190.180176,0.070518,0.00015,0.031532,210.179489,28.587357,9.92683,735893
2021年2月24日,360,4,48,1,120,50,160,378,5190.180176,0.07283,0.00015,0.031538,210.220779,28.612587,9.933138,736271
2021年2月25日,361,5,60,1,120,50,160,390,5190.180176,0.075142,0.00015,0.031544,210.264374,28.637823,9.939446,736661
2021年2月26日,362,6,72,1,120,50,160,402,5190.180176,0.077454,0.00015,0.031551,210.310272,28.663065,9.945757,737063
2021年2月27日,363,7,1376,1,120,50,160,1706,5190.180176,0.328698,0.00015,0.031596,210.607376,28.688341,9.952076,738769
2021年2月28日,364,1,12,1,120,50,160,342,5190.180176,0.065894,0.00015,0.031601,210.641663,28.713621,9.958396,739111
2021年3月1日,365,2,24,1,120,50,160,354,5190.180176,0.068206,0.00015,0.031606,210.678268,28.738907,9.964717,739465
2021年3月2日,366,3,36,1,120,50,160,366,5190.180176,0.070518,0.00015,0.031612,210.717163,28.764196,9.97104,739831
2021年3月3日,367,4,48,1,120,50,160,378,5190.180176,0.07283,0.00015,0.031619,210.758377,28.789492,9.977364,740209
2021年3月4日,368,5,60,1,120,50,160,390,5190.180176,0.075142,0.00015,0.031625,210.80188,28.814791,9.983688,740599
2021年3月5日,369,6,72,1,120,50,160,402,5190.180176,0.077454,0.00015,0.031632,210.847702,28.840096,9.990015,741001
2021年3月6日,370,7,1376,1,120,50,160,1706,5190.180176,0.328698,0.00015,0.031676,211.14473,28.865437,9.99635,742707
2021年3月7日,371,1,12,1,120,50,160,342,5190.180176,0.065894,0.00015,0.031682,211.17894,28.890781,10.002687,743049
2021年3月8日,372,2,24,1,120,50,160,354,5190.180176,0.068206,0.00015,0.031687,211.215454,28.916132,10.009024,743403
2021年3月9日,373,3,36,1,120,50,160,366,5190.180176,0.070518,0.00015,0.031693,211.254272,28.941486,10.015362,743769
2021年3月10日,374,4,48,1,120,50,160,378,5190.180176,0.07283,0.00015,0.031699,211.29541,28.966846,10.021702,744147
2021年3月11日,375,5,60,1,120,50,160,390,5190.180176,0.075142,0.00015,0.031706,211.338837,28.99221,10.028043,744537
2021年3月12日,376,6,72,1,120,50,160,402,5190.180176,0.077454,0.00015,0.031712,211.384583,29.01758,10.034386,744939
2021年3月13日,377,7,1376,1,120,50,160,1706,5190.180176,0.328698,0.00015,0.031757,211.681534,29.042986,10.040737,746645
2021年3月14日,378,1,12,1,120,50,160,342,5190.180176,0.065894,0.00015,0.031762,211.715652,29.068396,10.04709,746987
2021年3月15日,379,2,24,1,120,50,160,354,5190.180176,0.068206,0.00015,0.031768,211.75209,29.093809,10.053443,747341
2021年3月16日,380,3,36,1,120,50,160,366,5190.180176,0.070518,0.00015,0.031773,211.790833,29.119228,10.059797,747707
2021年3月17日,381,4,48,1,120,50,160,378,5190.180176,0.07283,0.00015,0.03178,211.831879,29.144651,10.066154,748085
2021年3月18日,382,5,60,1,120,50,160,390,5190.180176,0.075142,0.00015,0.031786,211.875229,29.17008,10.072511,748475
2021年3月19日,383,6,72,1,120,50,160,402,5190.180176,0.077454,0.00015,0.031793,211.920883,29.195515,10.078869,748877
2021年3月20日,384,7,1376,1,120,50,160,1706,5190.180176,0.328698,0.00015,0.031837,212.217758,29.220985,10.085237,750583
2021年3月21日,385,1,12,1,120,50,160,342,5190.180176,0.065894,0.00015,0.031843,212.251801,29.24646,10.091605,750925
2021年3月22日,386,2,24,1,120,50,160,354,5190.180176,0.068206,0.00015,0.031848,212.288162,29.271938,10.097975,751279
2021年3月23日,387,3,36,1,120,50,160,366,5190.180176,0.070518,0.00015,0.031854,212.326813,29.297421,10.104345,751645
2021年3月24日,388,4,48,1,120,50,160,378,5190.180176,0.07283,0.00015,0.03186,212.367783,29.322908,10.110718,752023
2021年3月25日,389,5,60,1,120,50,160,390,5190.180176,0.075142,0.00015,0.031866,212.411057,29.348402,10.117091,752413
2021年3月26日,390,6,72,1,120,50,160,402,5190.180176,0.077454,0.00015,0.031873,212.456635,29.373901,10.123466,752815
2021年3月27日,391,7,1376,1,120,50,160,1706,5190.180176,0.328698,0.00015,0.031918,212.753418,29.399435,10.129849,754521
2021年3月28日,392,1,12,1,120,50,160,342,5190.180176,0.065894,0.00015,0.031923,212.787384,29.424973,10.136234,754863
2021年3月29日,393,2,24,1,120,50,160,354,5190.180176,0.068206,0.00015,0.031928,212.823669,29.450516,10.14262,755217
2021年3月30日,394,3,36,1,120,50,160,366,5190.180176,0.070518,0.00015,0.031934,212.862244,29.476063,10.149007,755583
2021年3月31日,395,4,48,1,120,50,160,378,5190.180176,0.07283,0.00015,0.03194,212.903137,29.501616,10.155395,755961
2021年4月1日,396,5,60,1,120,50,160,390,5190.180176,0.075142,0.00015,0.031947,212.94632,29.527172,10.161784,756351
2021年4月2日,397,6,72,1,120,50,160,402,5190.180176,0.077454,0.00015,0.031954,212.991821,29.552734,10.168175,756753
2021年4月3日,398,7,1376,1,120,50,160,1706,5190.180176,0.328698,0.00015,0.031998,213.288528,29.578333,10.174574,758459
2021年4月4日,399,1,12,1,120,50,160,342,5190.180176,0.065894,0.00015,0.032003,213.322418,29.603935,10.180975,758801
2021年4月5日,400,2,24,1,120,50,160,354,5190.180176,0.068206,0.00015,0.032009,213.358612,29.629541,10.187377,759155
2021年4月6日,401,3,36,1,120,50,160,366,5190.180176,0.070518,0.00012,0.025611,213.403519,29.65003,10.192499,759521
2021年4月7日,402,4,48,1,120,50,160,378,5190.180176,0.07283,0.00012,0.025617,213.450729,29.670525,10.197622,759899
2021年4月8日,403,5,60,1,120,50,160,390,5190.180176,0.075142,0.00012,0.025623,213.500244,29.691023,10.202747,760289
2021年4月9日,404,6,72,1,120,50,160,402,5190.180176,0.077454,0.00012,0.025629,213.552063,29.711527,10.207873,760691
2021年4月10日,405,7,1376,1,120,50,160,1706,5190.180176,0.328698,0.00012,0.025666,213.855103,29.732059,10.213006,762397
2021年4月11日,406,1,12,1,120,50,160,342,5190.180176,0.065894,0.00012,0.025671,213.895325,29.752596,10.21814,762739
2021年4月12日,407,2,24,1,120,50,160,354,5190.180176,0.068206,0.00012,0.025676,213.937851,29.773136,10.223275,763093
2021年4月13日,408,3,36,1,120,50,160,366,5190.180176,0.070518,0.00012,0.025681,213.982681,29.79368,10.228412,763459
2021年4月14日,409,4,48,1,120,50,160,378,5190.180176,0.07283,0.00012,0.025687,214.029831,29.81423,10.233549,763837
2021年4月15日,410,5,60,1,120,50,160,390,5190.180176,0.075142,0.00012,0.025693,214.079269,29.834784,10.238688,764227
2021年4月16日,411,6,72,1,120,50,160,402,5190.180176,0.077454,0.00012,0.025699,214.131027,29.855343,10.243827,764629
2021年4月17日,412,7,1376,1,120,50,160,1706,5190.180176,0.328698,0.00012,0.025735,214.43399,29.875931,10.248974,766335
2021年4月18日,413,1,12,1,120,50,160,342,5190.180176,0.065894,0.00012,0.02574,214.474136,29.896523,10.254122,766677
2021年4月19日,414,2,24,1,120,50,160,354,5190.180176,0.068206,0.00012,0.025745,214.516602,29.917118,10.259271,767031
2021年4月20日,415,3,36,1,120,50,160,366,5190.180176,0.070518,0.00012,0.02575,214.561356,29.937719,10.264421,767397
2021年4月21日,416,4,48,1,120,50,160,378,5190.180176,0.07283,0.00012,0.025756,214.608429,29.958324,10.269571,767775
2021年4月22日,417,5,60,1,120,50,160,390,5190.180176,0.075142,0.00012,0.025762,214.657806,29.978933,10.274724,768165
2021年4月23日,418,6,72,1,120,50,160,402,5190.180176,0.077454,0.00012,0.025768,214.709488,29.999548,10.279878,768567
2021年4月24日,419,7,1376,1,120,50,160,1706,5190.180176,0.328698,0.00012,0.025805,215.01239,30.020191,10.285039,770273
2021年4月25日,420,1,12,1,120,50,160,342,5190.180176,0.065894,0.00012,0.025809,215.052475,30.040838,10.290201,770615
2021年4月26日,421,2,24,1,120,50,160,354,5190.180176,0.068206,0.00012,0.025814,215.094864,30.061489,10.295364,770969
2021年4月27日,422,3,36,1,120,50,160,366,5190.180176,0.070518,0.00012,0.02582,215.139557,30.082146,10.300529,771335
2021年4月28日,423,4,48,1,120,50,160,378,5190.180176,0.07283,0.00012,0.025825,215.186569,30.102806,10.305694,771713
2021年4月29日,424,5,60,1,120,50,160,390,5190.180176,0.075142,0.00012,0.025831,215.23587,30.12347,10.31086,772103
2021年4月30日,425,6,72,1,120,50,160,402,5190.180176,0.077454,0.00012,0.025838,215.287491,30.14414,10.316028,772505
2021年5月1日,426,7,1376,1,120,50,160,1706,5190.180176,0.328698,0.00012,0.025874,215.590317,30.164839,10.321202,774211
2021年5月2日,427,1,12,1,120,50,160,342,5190.180176,0.065894,0.00012,0.025879,215.630325,30.185541,10.326378,774553
2021年5月3日,428,2,24,1,120,50,160,354,5190.180176,0.068206,0.00012,0.025884,215.672653,30.206247,10.331554,774907
2021年5月4日,429,3,36,1,120,50,160,366,5190.180176,0.070518,0.00012,0.025889,215.71727,30.226959,10.336732,775273
2021年5月5日,430,4,48,1,120,50,160,378,5190.180176,0.07283,0.00012,0.025895,215.764206,30.247675,10.341911,775651
2021年5月6日,431,5,60,1,120,50,160,390,5190.180176,0.075142,0.00012,0.025901,215.813446,30.268396,10.347092,776041
2021年5月7日,432,6,72,1,120,50,160,402,5190.180176,0.077454,0.00012,0.025907,215.86499,30.289122,10.352273,776443
2021年5月8日,433,7,1376,1,120,50,160,1706,5190.180176,0.328698,0.00012,0.025943,216.167755,30.309875,10.357462,778149
2021年5月9日,434,1,12,1,120,50,160,342,5190.180176,0.065894,0.00012,0.025948,216.207687,30.330633,10.362652,778491
2021年5月10日,435,2,24,1,120,50,160,354,5190.180176,0.068206,0.00012,0.025953,216.249939,30.351397,10.367843,778845
2021年5月11日,436,3,36,1,120,50,160,366,5190.180176,0.070518,0.00012,0.025958,216.294495,30.372164,10.373034,779211
2021年5月12日,437,4,48,1,120,50,160,378,5190.180176,0.07283,0.00012,0.025964,216.341354,30.392935,10.378227,779589
2021年5月13日,438,5,60,1,120,50,160,390,5190.180176,0.075142,0.00012,0.02597,216.390518,30.413712,10.383421,779979
2021年5月14日,439,6,72,1,120,50,160,402,5190.180176,0.077454,0.00012,0.025976,216.442001,30.434492,10.388617,780381
2021年5月15日,440,7,1376,1,120,50,160,1706,5190.180176,0.328698,0.00012,0.026012,216.74469,30.455301,10.393819,782087
2021年5月16日,441,1,12,1,120,50,160,342,5190.180176,0.065894,0.00012,0.026017,216.784561,30.476114,10.399022,782429
2021年5月17日,442,2,24,1,120,50,160,354,5190.180176,0.068206,0.00012,0.026022,216.826752,30.496933,10.404226,782783
2021年5月18日,443,3,36,1,120,50,160,366,5190.180176,0.070518,0.00012,0.026028,216.871231,30.517756,10.409431,783149
2021年5月19日,444,4,48,1,120,50,160,378,5190.180176,0.07283,0.00012,0.026033,216.91803,30.538582,10.414639,783527
2021年5月20日,445,5,60,1,120,50,160,390,5190.180176,0.075142,0.00012,0.026039,216.967117,30.559414,10.419847,783917
2021年5月21日,446,6,72,1,120,50,160,402,5190.180176,0.077454,0.00012,0.026045,217.018524,30.58025,10.425056,784319
2021年5月22日,447,7,1376,1,120,50,160,1706,5190.180176,0.328698,0.00012,0.026082,217.321152,30.601114,10.430272,786025
2021年5月23日,448,1,12,1,120,50,160,342,5190.180176,0.065894,0.00012,0.026086,217.360947,30.621983,10.43549,786367
2021年5月24日,449,2,24,1,120,50,160,354,5190.180176,0.068206,0.00012,0.026091,217.403061,30.642857,10.440708,786721
2021年5月25日,450,3,36,1,120,50,160,366,5190.180176,0.070518,0.00012,0.026097,217.447479,30.663734,10.445928,787087
2021年5月26日,451,4,48,1,120,50,160,378,5190.180176,0.07283,0.00012,0.026102,217.494202,30.684616,10.451148,787465
2021年5月27日,452,5,60,1,120,50,160,390,5190.180176,0.075142,0.00012,0.026108,217.543228,30.705503,10.456369,787855
2021年5月28日,453,6,72,1,120,50,160,402,5190.180176,0.077454,0.00012,0.026114,217.594574,30.726395,10.461593,788257
2021年5月29日,454,7,1376,1,120,50,160,1706,5190.180176,0.328698,0.00012,0.026151,217.897125,30.747314,10.466823,789963
2021年5月30日,455,1,12,1,120,50,160,342,5190.180176,0.065894,0.00012,0.026156,217.936859,30.768238,10.472054,790305
2021年5月31日,456,2,24,1,120,50,160,354,5190.180176,0.068206,0.00012,0.026161,217.978912,30.789167,10.477285,790659
2021年6月1日,457,3,36,1,120,50,160,366,5190.180176,0.070518,0.00012,0.026166,218.023254,30.810101,10.482518,791025
2021年6月2日,458,4,48,1,120,50,160,378,5190.180176,0.07283,0.00012,0.026172,218.069916,30.831038,10.487753,791403
2021年6月3日,459,5,60,1,120,50,160,390,5190.180176,0.075142,0.00012,0.026177,218.118866,30.85198,10.492989,791793
2021年6月4日,460,6,72,1,120,50,160,402,5190.180176,0.077454,0.00012,0.026184,218.170135,30.872927,10.498225,792195
2021年6月5日,461,7,1376,1,120,50,160,1706,5190.180176,0.328698,0.00012,0.02622,218.472626,30.893902,10.503469,793901
2021年6月6日,462,1,12,1,120,50,160,342,5190.180176,0.065894,0.00012,0.026225,218.512283,30.914881,10.508715,794243
2021年6月7日,463,2,24,1,120,50,160,354,5190.180176,0.068206,0.00012,0.02623,218.55426,30.935865,10.513961,794597
2021年6月8日,464,3,36,1,120,50,160,366,5190.180176,0.070518,0.00012,0.026235,218.598541,30.956854,10.519208,794963
2021年6月9日,465,4,48,1,120,50,160,378,5190.180176,0.07283,0.00012,0.026241,218.645126,30.977846,10.524456,795341
2021年6月10日,466,5,60,1,120,50,160,390,5190.180176,0.075142,0.00012,0.026246,218.694016,30.998844,10.529705,795731
2021年6月11日,467,6,72,1,120,50,160,402,5190.180176,0.077454,0.00012,0.026253,218.745224,31.019846,10.534956,796133
2021年6月12日,468,7,1376,1,120,50,160,1706,5190.180176,0.328698,0.00012,0.026289,219.047638,31.040876,10.540214,797839
2021年6月13日,469,1,12,1,120,50,160,342,5190.180176,0.065894,0.00012,0.026294,219.087234,31.061911,10.545472,798181
2021年6月14日,470,2,24,1,120,50,160,354,5190.180176,0.068206,0.00012,0.026299,219.129135,31.082949,10.550732,798535
2021年6月15日,471,3,36,1,120,50,160,366,5190.180176,0.070518,0.00012,0.026304,219.17334,31.103992,10.555992,798901
2021年6月16日,472,4,48,1,120,50,160,378,5190.180176,0.07283,0.00012,0.02631,219.219864,31.12504,10.561255,799279
2021年6月17日,473,5,60,1,120,50,160,390,5190.180176,0.075142,0.00012,0.026315,219.268677,31.146091,10.566518,799669
2021年6月18日,474,6,72,1,120,50,160,402,5190.180176,0.077454,0.00012,0.026322,219.319809,31.167149,10.571782,800071
2021年6月19日,475,7,1376,1,120,50,160,1706,5190.180176,0.328698,0.00012,0.026358,219.622162,31.188234,10.577054,801777
2021年6月20日,476,1,12,1,120,50,160,342,5190.180176,0.065894,0.00012,0.026363,219.661682,31.209324,10.582327,802119
2021年6月21日,477,2,24,1,120,50,160,354,5190.180176,0.068206,0.00012,0.026368,219.703522,31.230417,10.587601,802473
2021年6月22日,478,3,36,1,120,50,160,366,5190.180176,0.070518,0.00012,0.026373,219.747665,31.251516,10.592875,802839
2021年6月23日,479,4,48,1,120,50,160,378,5190.180176,0.07283,0.00012,0.026378,219.794113,31.272619,10.598151,803217
2021年6月24日,480,5,60,1,120,50,160,390,5190.180176,0.075142,0.00012,0.026384,219.842865,31.293726,10.603428,803607
2021年6月25日,481,6,72,1,120,50,160,402,5190.180176,0.077454,0.00012,0.02639,219.893921,31.314838,10.608706,804009
2021年6月26日,482,7,1376,1,120,50,160,1706,5190.180176,0.328698,0.00012,0.026427,220.196198,31.335979,10.613991,805715
2021年6月27日,483,1,12,1,120,50,160,342,5190.180176,0.065894,0.00012,0.026431,220.235657,31.357124,10.619277,806057
2021年6月28日,484,2,24,1,120,50,160,354,5190.180176,0.068206,0.00012,0.026436,220.27742,31.378273,10.624564,806411
2021年6月29日,485,3,36,1,120,50,160,366,5190.180176,0.070518,0.00012,0.026442,220.321487,31.399426,10.629852,806777
2021年6月30日,486,4,48,1,120,50,160,378,5190.180176,0.07283,0.00012,0.026447,220.367874,31.420584,10.635141,807155
2021年7月1日,487,5,60,1,120,50,160,390,5190.180176,0.075142,0.00012,0.026453,220.41655,31.441746,10.640432,807545
2021年7月2日,488,6,72,1,120,50,160,402,5190.180176,0.077454,0.00012,0.026459,220.467545,31.462914,10.645724,807947
2021年7月3日,489,7,1376,1,120,50,160,1706,5190.180176,0.328698,0.00012,0.026496,220.76976,31.48411,10.651024,809653
2021年7月4日,490,1,12,1,120,50,160,342,5190.180176,0.065894,0.00012,0.0265,220.809143,31.50531,10.656324,809995
2021年7月5日,491,2,24,1,120,50,160,354,5190.180176,0.068206,0.00012,0.026505,220.850845,31.526514,10.661626,810349
2021年7月6日,492,3,36,1,120,50,160,366,5190.180176,0.070518,0.00012,0.026511,220.894852,31.547722,10.666928,810715
2021年7月7日,493,4,48,1,120,50,160,378,5190.180176,0.07283,0.00012,0.026516,220.941162,31.568935,10.672232,811093
2021年7月8日,494,5,60,1,120,50,160,390,5190.180176,0.075142,0.00012,0.026522,220.989777,31.590153,10.677536,811483
2021年7月9日,495,6,72,1,120,50,160,402,5190.180176,0.077454,0.00012,0.026528,221.040695,31.611376,10.682841,811885
2021年7月10日,496,7,1376,1,120,50,160,1706,5190.180176,0.328698,0.00012,0.026564,221.342834,31.632627,10.688154,813591
2021年7月11日,497,1,12,1,120,50,160,342,5190.180176,0.065894,0.00012,0.026569,221.382156,31.653883,10.693468,813933
2021年7月12日,498,2,24,1,120,50,160,354,5190.180176,0.068206,0.00012,0.026574,221.423782,31.675142,10.698783,814287
2021年7月13日,499,3,36,1,120,50,160,366,5190.180176,0.070518,0.00012,0.026579,221.467712,31.696405,10.704099,814653
2021年7月14日,500,4,48,1,120,50,160,378,5190.180176,0.07283,0.00012,0.026585,221.513962,31.717674,10.709415,815031
2021年7月15日,501,5,60,1,120,50,160,390,5190.180176,0.075142,0.0001,0.022159,221.56694,31.735401,10.713847,815421
2021年7月16日,502,6,72,1,120,50,160,402,5190.180176,0.077454,0.0001,0.022164,221.622223,31.753132,10.71828,815823
2021年7月17日,503,7,1376,1,120,50,160,1706,5190.180176,0.328698,0.0001,0.022195,221.928726,31.770887,10.722719,817529
2021年7月18日,504,1,12,1,120,50,160,342,5190.180176,0.065894,0.0001,0.022199,221.972412,31.788647,10.72716,817871
2021年7月19日,505,2,24,1,120,50,160,354,5190.180176,0.068206,0.0001,0.022204,222.018417,31.80641,10.731601,818225
2021年7月20日,506,3,36,1,120,50,160,366,5190.180176,0.070518,0.0001,0.022209,222.066727,31.824177,10.736043,818591
2021年7月21日,507,4,48,1,120,50,160,378,5190.180176,0.07283,0.0001,0.022214,222.11734,31.841948,10.740486,818969
2021年7月22日,508,5,60,1,120,50,160,390,5190.180176,0.075142,0.0001,0.022219,222.170258,31.859722,10.74493,819359
2021年7月23日,509,6,72,1,120,50,160,402,5190.180176,0.077454,0.0001,0.022225,222.225479,31.877502,10.749375,819761
2021年7月24日,510,7,1376,1,120,50,160,1706,5190.180176,0.328698,0.0001,0.022255,222.531921,31.895308,10.753826,821467
2021年7月25日,511,1,12,1,120,50,160,342,5190.180176,0.065894,0.0001,0.02226,222.575546,31.913115,10.758278,821809
2021年7月26日,512,2,24,1,120,50,160,354,5190.180176,0.068206,0.0001,0.022264,222.62149,31.930925,10.762731,822163
2021年7月27日,513,3,36,1,120,50,160,366,5190.180176,0.070518,0.0001,0.022269,222.669739,31.94874,10.767184,822529
2021年7月28日,514,4,48,1,120,50,160,378,5190.180176,0.07283,0.0001,0.022274,222.720291,31.96656,10.771639,822907
2021年7月29日,515,5,60,1,120,50,160,390,5190.180176,0.075142,0.0001,0.02228,222.773148,31.984385,10.776094,823297
2021年7月30日,516,6,72,1,120,50,160,402,5190.180176,0.077454,0.0001,0.022285,222.828323,32.002213,10.780552,823699
2021年7月31日,517,7,1376,1,120,50,160,1706,5190.180176,0.328698,0.0001,0.022316,223.13472,32.020065,10.785015,825405
2021年8月1日,518,1,12,1,120,50,160,342,5190.180176,0.065894,0.0001,0.02232,223.178284,32.037922,10.789479,825747
2021年8月2日,519,2,24,1,120,50,160,354,5190.180176,0.068206,0.0001,0.022325,223.224167,32.055782,10.793944,826101
2021年8月3日,520,3,36,1,120,50,160,366,5190.180176,0.070518,0.0001,0.022329,223.272354,32.073647,10.79841,826467
2021年8月4日,521,4,48,1,120,50,160,378,5190.180176,0.07283,0.0001,0.022335,223.322845,32.091515,10.802877,826845
2021年8月5日,522,5,60,1,120,50,160,390,5190.180176,0.075142,0.0001,0.02234,223.375641,32.109386,10.807345,827235
2021年8月6日,523,6,72,1,120,50,160,402,5190.180176,0.077454,0.0001,0.022345,223.430756,32.127262,10.811814,827637
2021年8月7日,524,7,1376,1,120,50,160,1706,5190.180176,0.328698,0.0001,0.022376,223.737091,32.145164,10.81629,829343
2021年8月8日,525,1,12,1,120,50,160,342,5190.180176,0.065894,0.0001,0.02238,223.780594,32.163067,10.820765,829685
2021年8月9日,526,2,24,1,120,50,160,354,5190.180176,0.068206,0.0001,0.022385,223.826416,32.180973,10.825242,830039
2021年8月10日,527,3,36,1,120,50,160,366,5190.180176,0.070518,0.0001,0.02239,223.874542,32.198883,10.82972,830405
2021年8月11日,528,4,48,1,120,50,160,378,5190.180176,0.07283,0.0001,0.022395,223.924973,32.216801,10.834199,830783
2021年8月12日,529,5,60,1,120,50,160,390,5190.180176,0.075142,0.0001,0.0224,223.977707,32.234722,10.838679,831173
2021年8月13日,530,6,72,1,120,50,160,402,5190.180176,0.077454,0.0001,0.022406,224.032761,32.252647,10.843161,831575
2021年8月14日,531,7,1376,1,120,50,160,1706,5190.180176,0.328698,0.0001,0.022436,224.339035,32.270596,10.847648,833281
2021年8月15日,532,1,12,1,120,50,160,342,5190.180176,0.065894,0.0001,0.02244,224.382477,32.288548,10.852136,833623
2021年8月16日,533,2,24,1,120,50,160,354,5190.180176,0.068206,0.0001,0.022445,224.428238,32.306503,10.856625,833977
2021年8月17日,534,3,36,1,120,50,160,366,5190.180176,0.070518,0.0001,0.02245,224.476303,32.324463,10.861115,834343
2021年8月18日,535,4,48,1,120,50,160,378,5190.180176,0.07283,0.0001,0.022455,224.526672,32.342426,10.865605,834721
2021年8月19日,536,5,60,1,120,50,160,390,5190.180176,0.075142,0.0001,0.02246,224.579346,32.360394,10.870097,835111
2021年8月20日,537,6,72,1,120,50,160,402,5190.180176,0.077454,0.0001,0.022466,224.634338,32.378365,10.87459,835513
2021年8月21日,538,7,1376,1,120,50,160,1706,5190.180176,0.328698,0.0001,0.022496,224.940552,32.396362,10.879089,837219
2021年8月22日,539,1,12,1,120,50,160,342,5190.180176,0.065894,0.0001,0.022501,224.983932,32.414364,10.88359,837561
2021年8月23日,540,2,24,1,120,50,160,354,5190.180176,0.068206,0.0001,0.022505,225.029633,32.432369,10.888091,837915
2021年8月24日,541,3,36,1,120,50,160,366,5190.180176,0.070518,0.0001,0.02251,225.077637,32.450378,10.892593,838281
2021年8月25日,542,4,48,1,120,50,160,378,5190.180176,0.07283,0.0001,0.022515,225.127945,32.468391,10.897097,838659
2021年8月26日,543,5,60,1,120,50,160,390,5190.180176,0.075142,0.0001,0.02252,225.180557,32.486408,10.901601,839049
2021年8月27日,544,6,72,1,120,50,160,402,5190.180176,0.077454,0.0001,0.022526,225.235489,32.504429,10.906106,839451
2021年8月28日,545,7,1376,1,120,50,160,1706,5190.180176,0.328698,0.0001,0.022556,225.541641,32.522472,10.910617,841157
2021年8月29日,546,1,12,1,120,50,160,342,5190.180176,0.065894,0.0001,0.022561,225.584961,32.54052,10.915129,841499
2021年8月30日,547,2,24,1,120,50,160,354,5190.180176,0.068206,0.0001,0.022565,225.6306,32.558571,10.919641,841853
2021年8月31日,548,3,36,1,120,50,160,366,5190.180176,0.070518,0.0001,0.02257,225.678543,32.576626,10.924155,842219
2021年9月1日,549,4,48,1,120,50,160,378,5190.180176,0.07283,0.0001,0.022575,225.728806,32.594685,10.92867,842597
2021年9月2日,550,5,60,1,120,50,160,390,5190.180176,0.075142,0.0001,0.02258,225.781357,32.612747,10.933186,842987
2021年9月3日,551,6,72,1,120,50,160,402,5190.180176,0.077454,0.0001,0.022586,225.836227,32.630817,10.937703,843389
2021年9月4日,552,7,1376,1,120,50,160,1706,5190.180176,0.328698,0.0001,0.022616,226.142319,32.648911,10.942226,845095
2021年9月5日,553,1,12,1,120,50,160,342,5190.180176,0.065894,0.0001,0.022621,226.185593,32.667007,10.946751,845437
2021年9月6日,554,2,24,1,120,50,160,354,5190.180176,0.068206,0.0001,0.022625,226.231171,32.685108,10.951276,845791
2021年9月7日,555,3,36,1,120,50,160,366,5190.180176,0.070518,0.0001,0.02263,226.279053,32.703213,10.955802,846157
2021年9月8日,556,4,48,1,120,50,160,378,5190.180176,0.07283,0.0001,0.022635,226.329254,32.721321,10.960329,846535
2021年9月9日,557,5,60,1,120,50,160,390,5190.180176,0.075142,0.0001,0.02264,226.381744,32.739433,10.964857,846925
2021年9月10日,558,6,72,1,120,50,160,402,5190.180176,0.077454,0.0001,0.022646,226.436554,32.757549,10.969386,847327
2021年9月11日,559,7,1376,1,120,50,160,1706,5190.180176,0.328698,0.0001,0.022677,226.742584,32.775692,10.973922,849033
2021年9月12日,560,1,12,1,120,50,160,342,5190.180176,0.065894,0.0001,0.022681,226.785797,32.793839,10.978458,849375
2021年9月13日,561,2,24,1,120,50,160,354,5190.180176,0.068206,0.0001,0.022685,226.831314,32.811985,10.982995,849729
2021年9月14日,562,3,36,1,120,50,160,366,5190.180176,0.070518,0.0001,0.02269,226.879135,32.830135,10.987533,850095
2021年9月15日,563,4,48,1,120,50,160,378,5190.180176,0.07283,0.0001,0.022695,226.929276,32.848293,10.992072,850473
2021年9月16日,564,5,60,1,120,50,160,390,5190.180176,0.075142,0.0001,0.0227,226.981705,32.866455,10.996613,850863
2021年9月17日,565,6,72,1,120,50,160,402,5190.180176,0.077454,0.0001,0.022706,227.036453,32.884621,11.001154,851265
2021年9月18日,566,7,1376,1,120,50,160,1706,5190.180176,0.328698,0.0001,0.022737,227.342422,32.902809,11.005701,852971
2021年9月19日,567,1,12,1,120,50,160,342,5190.180176,0.065894,0.0001,0.022741,227.385574,32.921001,11.010249,853313
2021年9月20日,568,2,24,1,120,50,160,354,5190.180176,0.068206,0.0001,0.022745,227.43103,32.939198,11.014798,853667
2021年9月21日,569,3,36,1,120,50,160,366,5190.180176,0.070518,0.0001,0.02275,227.47879,32.957397,11.019348,854033
2021年9月22日,570,4,48,1,120,50,160,378,5190.180176,0.07283,0.0001,0.022755,227.52887,32.975601,11.023899,854411
2021年9月23日,571,5,60,1,120,50,160,390,5190.180176,0.075142,0.0001,0.02276,227.581238,32.993809,11.028451,854801
2021年9月24日,572,6,72,1,120,50,160,402,5190.180176,0.077454,0.0001,0.022766,227.635925,33.01202,11.033004,855203
2021年9月25日,573,7,1376,1,120,50,160,1706,5190.180176,0.328698,0.0001,0.022796,227.941833,33.030258,11.037563,856909
2021年9月26日,574,1,12,1,120,50,160,342,5190.180176,0.065894,0.0001,0.022801,227.984924,33.0485,11.042124,857251
2021年9月27日,575,2,24,1,120,50,160,354,5190.180176,0.068206,0.0001,0.022805,228.030319,33.066746,11.046685,857605
2021年9月28日,576,3,36,1,120,50,160,366,5190.180176,0.070518,0.0001,0.02281,228.078018,33.084995,11.051248,857971
2021年9月29日,577,4,48,1,120,50,160,378,5190.180176,0.07283,0.0001,0.022815,228.128036,33.103249,11.055811,858349
2021年9月30日,578,5,60,1,120,50,160,390,5190.180176,0.075142,0.0001,0.02282,228.180344,33.121506,11.060375,858739
2021年10月1日,579,6,72,1,120,50,160,402,5190.180176,0.077454,0.0001,0.022826,228.23497,33.139767,11.06494,859141
2021年10月2日,580,7,1376,1,120,50,160,1706,5190.180176,0.328698,0.0001,0.022856,228.540817,33.158051,11.069511,860847
2021年10月3日,581,1,12,1,120,50,160,342,5190.180176,0.065894,0.0001,0.022861,228.583847,33.176338,11.074083,861189
2021年10月4日,582,2,24,1,120,50,160,354,5190.180176,0.068206,0.0001,0.022865,228.629196,33.19463,11.078656,861543
2021年10月5日,583,3,36,1,120,50,160,366,5190.180176,0.070518,0.0001,0.02287,228.676834,33.212925,11.08323,861909
2021年10月6日,584,4,48,1,120,50,160,378,5190.180176,0.07283,0.0001,0.022875,228.726791,33.231224,11.087805,862287
2021年10月7日,585,5,60,1,120,50,160,390,5190.180176,0.075142,0.0001,0.02288,228.779053,33.249527,11.092381,862677
2021年10月8日,586,6,72,1,120,50,160,402,5190.180176,0.077454,0.0001,0.022886,228.833618,33.267834,11.096957,863079
2021年10月9日,587,7,1376,1,120,50,160,1706,5190.180176,0.328698,0.0001,0.022916,229.139404,33.286167,11.101541,864785
2021年10月10日,588,1,12,1,120,50,160,342,5190.180176,0.065894,0.0001,0.022921,229.182373,33.304504,11.106125,865127
2021年10月11日,589,2,24,1,120,50,160,354,5190.180176,0.068206,0.0001,0.022925,229.227661,33.322845,11.11071,865481
2021年10月12日,590,3,36,1,120,50,160,366,5190.180176,0.070518,0.0001,0.02293,229.275238,33.34119,11.115296,865847
2021年10月13日,591,4,48,1,120,50,160,378,5190.180176,0.07283,0.0001,0.022935,229.325134,33.359539,11.119884,866225
2021年10月14日,592,5,60,1,120,50,160,390,5190.180176,0.075142,0.0001,0.02294,229.377335,33.377892,11.124472,866615
2021年10月15日,593,6,72,1,120,50,160,402,5190.180176,0.077454,0.0001,0.022945,229.431839,33.396248,11.129061,867017
2021年10月16日,594,7,1376,1,120,50,160,1706,5190.180176,0.328698,0.0001,0.022976,229.737564,33.414627,11.133656,868723
2021年10月17日,595,1,12,1,120,50,160,342,5190.180176,0.065894,0.0001,0.02298,229.780472,33.43301,11.138251,869065
2021年10月18日,596,2,24,1,120,50,160,354,5190.180176,0.068206,0.0001,0.022985,229.825699,33.451397,11.142848,869419
2021年10月19日,597,3,36,1,120,50,160,366,5190.180176,0.070518,0.0001,0.02299,229.873215,33.469788,11.147446,869785
2021年10月20日,598,4,48,1,120,50,160,378,5190.180176,0.07283,0.0001,0.022995,229.92305,33.488182,11.152044,870163
2021年10月21日,599,5,60,1,120,50,160,390,5190.180176,0.075142,0.0001,0.023,229.975189,33.50658,11.156644,870553
2021年10月22日,600,6,72,1,120,50,160,402,5190.180176,0.077454,0.0001,0.023005,230.029633,33.524986,11.161245,870955
2021年10月23日,601,7,1376,1,120,50,160,1706,5190.180176,0.328698,0.00009,0.020732,230.337601,33.541573,11.165392,872661
2021年10月24日,602,1,12,1,120,50,160,342,5190.180176,0.065894,0.00009,0.020736,230.382751,33.558163,11.169539,873003
2021年10月25日,603,2,24,1,120,50,160,354,5190.180176,0.068206,0.00009,0.020741,230.430222,33.574757,11.173688,873357
2021年10月26日,604,3,36,1,120,50,160,366,5190.180176,0.070518,0.00009,0.020745,230.47998,33.591354,11.177837,873723
2021年10月27日,605,4,48,1,120,50,160,378,5190.180176,0.07283,0.00009,0.02075,230.532059,33.607956,11.181988,874101
2021年10月28日,606,5,60,1,120,50,160,390,5190.180176,0.075142,0.00009,0.020755,230.586441,33.624561,11.186139,874491
2021年10月29日,607,6,72,1,120,50,160,402,5190.180176,0.077454,0.00009,0.02076,230.643127,33.641171,11.190291,874893
2021年10月30日,608,7,1376,1,120,50,160,1706,5190.180176,0.328698,0.00009,0.020787,230.95105,33.657799,11.194448,876599
2021年10月31日,609,1,12,1,120,50,160,342,5190.180176,0.065894,0.00009,0.020792,230.99614,33.674431,11.198606,876941
2021年11月1日,610,2,24,1,120,50,160,354,5190.180176,0.068206,0.00009,0.020796,231.043549,33.691067,11.202765,877295
2021年11月2日,611,3,36,1,120,50,160,366,5190.180176,0.070518,0.00009,0.0208,231.093262,33.707706,11.206925,877661
2021年11月3日,612,4,48,1,120,50,160,378,5190.180176,0.07283,0.00009,0.020805,231.145294,33.72435,11.211086,878039
2021年11月4日,613,5,60,1,120,50,160,390,5190.180176,0.075142,0.00009,0.02081,231.199615,33.740997,11.215248,878429
2021年11月5日,614,6,72,1,120,50,160,402,5190.180176,0.077454,0.00009,0.020815,231.256256,33.757648,11.219411,878831
2021年11月6日,615,7,1376,1,120,50,160,1706,5190.180176,0.328698,0.00009,0.020843,231.564117,33.774323,11.223579,880537
2021年11月7日,616,1,12,1,120,50,160,342,5190.180176,0.065894,0.00009,0.020847,231.609161,33.791,11.227749,880879
2021年11月8日,617,2,24,1,120,50,160,354,5190.180176,0.068206,0.00009,0.020851,231.656525,33.807682,11.231919,881233
2021年11月9日,618,3,36,1,120,50,160,366,5190.180176,0.070518,0.00009,0.020855,231.706177,33.824368,11.236091,881599
2021年11月10日,619,4,48,1,120,50,160,378,5190.180176,0.07283,0.00009,0.02086,231.758148,33.841057,11.240263,881977
2021年11月11日,620,5,60,1,120,50,160,390,5190.180176,0.075142,0.00009,0.020865,231.812424,33.85775,11.244436,882367
2021年11月12日,621,6,72,1,120,50,160,402,5190.180176,0.077454,0.00009,0.02087,231.869003,33.874447,11.24861,882769
2021年11月13日,622,7,1376,1,120,50,160,1706,5190.180176,0.328698,0.00009,0.020898,232.176804,33.891167,11.25279,884475
2021年11月14日,623,1,12,1,120,50,160,342,5190.180176,0.065894,0.00009,0.020902,232.221786,33.907887,11.25697,884817
2021年11月15日,624,2,24,1,120,50,160,354,5190.180176,0.068206,0.00009,0.020906,232.269089,33.92461,11.261151,885171
2021年11月16日,625,3,36,1,120,50,160,366,5190.180176,0.070518,0.00009,0.020911,232.318695,33.941338,11.265333,885537
2021年11月17日,626,4,48,1,120,50,160,378,5190.180176,0.07283,0.00009,0.020915,232.370605,33.958069,11.269516,885915
2021年11月18日,627,5,60,1,120,50,160,390,5190.180176,0.075142,0.00009,0.02092,232.42482,33.974804,11.2737,886305
2021年11月19日,628,6,72,1,120,50,160,402,5190.180176,0.077454,0.00009,0.020925,232.481354,33.991543,11.277884,886707
2021年11月20日,629,7,1376,1,120,50,160,1706,5190.180176,0.328698,0.00009,0.020953,232.789108,34.008305,11.282075,888413
2021年11月21日,630,1,12,1,120,50,160,342,5190.180176,0.065894,0.00009,0.020957,232.834045,34.02507,11.286266,888755
2021年11月22日,631,2,24,1,120,50,160,354,5190.180176,0.068206,0.00009,0.020961,232.881287,34.04184,11.290459,889109
2021年11月23日,632,3,36,1,120,50,160,366,5190.180176,0.070518,0.00009,0.020966,232.930832,34.058613,11.294652,889475
2021年11月24日,633,4,48,1,120,50,160,378,5190.180176,0.07283,0.00009,0.02097,232.982697,34.07539,11.298846,889853
2021年11月25日,634,5,60,1,120,50,160,390,5190.180176,0.075142,0.00009,0.020975,233.03685,34.092171,11.303041,890243
2021年11月26日,635,6,72,1,120,50,160,402,5190.180176,0.077454,0.00009,0.02098,233.093323,34.108955,11.307238,890645
2021年11月27日,636,7,1376,1,120,50,160,1706,5190.180176,0.328698,0.00009,0.021008,233.401016,34.125763,11.31144,892351
2021年11月28日,637,1,12,1,120,50,160,342,5190.180176,0.065894,0.00009,0.021012,233.445892,34.142574,11.315642,892693
2021年11月29日,638,2,24,1,120,50,160,354,5190.180176,0.068206,0.00009,0.021016,233.493088,34.159386,11.319845,893047
2021年11月30日,639,3,36,1,120,50,160,366,5190.180176,0.070518,0.00009,0.021021,233.542572,34.176201,11.324049,893413
2021年12月1日,640,4,48,1,120,50,160,378,5190.180176,0.07283,0.00009,0.021025,233.594376,34.19302,11.328254,893791
2021年12月2日,641,5,60,1,120,50,160,390,5190.180176,0.075142,0.00009,0.02103,233.648483,34.209843,11.332459,894181
2021年12月3日,642,6,72,1,120,50,160,402,5190.180176,0.077454,0.00009,0.021035,233.704895,34.226669,11.336666,894583
2021年12月4日,643,7,1376,1,120,50,160,1706,5190.180176,0.328698,0.00009,0.021063,234.012543,34.243519,11.340878,896289
2021年12月5日,644,1,12,1,120,50,160,342,5190.180176,0.065894,0.00009,0.021067,234.057358,34.260372,11.345092,896631
2021年12月6日,645,2,24,1,120,50,160,354,5190.180176,0.068206,0.00009,0.021071,234.104492,34.277229,11.349306,896985
2021年12月7日,646,3,36,1,120,50,160,366,5190.180176,0.070518,0.00009,0.021076,234.153931,34.29409,11.353521,897351
2021年12月8日,647,4,48,1,120,50,160,378,5190.180176,0.07283,0.00009,0.02108,234.205673,34.310955,11.357738,897729
2021年12月9日,648,5,60,1,120,50,160,390,5190.180176,0.075142,0.00009,0.021085,234.25972,34.327824,11.361955,898119
2021年12月10日,649,6,72,1,120,50,160,402,5190.180176,0.077454,0.00009,0.02109,234.316086,34.344696,11.366173,898521
2021年12月11日,650,7,1376,1,120,50,160,1706,5190.180176,0.328698,0.00009,0.021118,234.623672,34.361591,11.370397,900227
2021年12月12日,651,1,12,1,120,50,160,342,5190.180176,0.065894,0.00009,0.021122,234.668442,34.37849,11.374621,900569
2021年12月13日,652,2,24,1,120,50,160,354,5190.180176,0.068206,0.00009,0.021126,234.715515,34.395393,11.378847,900923
2021年12月14日,653,3,36,1,120,50,160,366,5190.180176,0.070518,0.00009,0.021131,234.764893,34.412296,11.383073,901289
2021年12月15日,654,4,48,1,120,50,160,378,5190.180176,0.07283,0.00009,0.021135,234.816589,34.429203,11.3873,901667
2021年12月16日,655,5,60,1,120,50,160,390,5190.180176,0.075142,0.00009,0.02114,234.87059,34.446114,11.391527,902057
2021年12月17日,656,6,72,1,120,50,160,402,5190.180176,0.077454,0.00009,0.021145,234.926895,34.463028,11.395756,902459
2021年12月18日,657,7,1376,1,120,50,160,1706,5190.180176,0.328698,0.00009,0.021173,235.234421,34.479965,11.39999,904165
2021年12月19日,658,1,12,1,120,50,160,342,5190.180176,0.065894,0.00009,0.021177,235.279129,34.496906,11.404225,904507
2021年12月20日,659,2,24,1,120,50,160,354,5190.180176,0.068206,0.00009,0.021181,235.326157,34.513851,11.408462,904861
2021年12月21日,660,3,36,1,120,50,160,366,5190.180176,0.070518,0.00009,0.021186,235.375488,34.5308,11.412699,905227
2021年12月22日,661,4,48,1,120,50,160,378,5190.180176,0.07283,0.00009,0.02119,235.427124,34.547752,11.416937,905605
2021年12月23日,662,5,60,1,120,50,160,390,5190.180176,0.075142,0.00009,0.021195,235.481064,34.564709,11.421176,905995
2021年12月24日,663,6,72,1,120,50,160,402,5190.180176,0.077454,0.00009,0.0212,235.537323,34.581669,11.425416,906397
2021年12月25日,664,7,1376,1,120,50,160,1706,5190.180176,0.328698,0.00009,0.021228,235.844803,34.598652,11.429662,908103
2021年12月26日,665,1,12,1,120,50,160,342,5190.180176,0.065894,0.00009,0.021232,235.889465,34.615639,11.433908,908445
2021年12月27日,666,2,24,1,120,50,160,354,5190.180176,0.068206,0.00009,0.021236,235.936432,34.632629,11.438156,908799
2021年12月28日,667,3,36,1,120,50,160,366,5190.180176,0.070518,0.00009,0.021241,235.985703,34.64962,11.442404,909165
2021年12月29日,668,4,48,1,120,50,160,378,5190.180176,0.07283,0.00009,0.021245,236.037292,34.666615,11.446652,909543
2021年12月30日,669,5,60,1,120,50,160,390,5190.180176,0.075142,0.00009,0.02125,236.091171,34.683613,11.450902,909933
2021年12月31日,670,6,72,1,120,50,160,402,5190.180176,0.077454,0.00009,0.021255,236.147369,34.700619,11.455153,910335
2022年1月1日,671,7,1376,1,120,50,160,1706,5190.180176,0.328698,0.00009,0.021283,236.454788,34.717644,11.45941,912041
2022年1月2日,672,1,12,1,120,50,160,342,5190.180176,0.065894,0.00009,0.021287,236.49939,34.734673,11.463667,912383
2022年1月3日,673,2,24,1,120,50,160,354,5190.180176,0.068206,0.00009,0.021291,236.54631,34.751705,11.467925,912737
2022年1月4日,674,3,36,1,120,50,160,366,5190.180176,0.070518,0.00009,0.021296,236.59552,34.768742,11.472184,913103
2022年1月5日,675,4,48,1,120,50,160,378,5190.180176,0.07283,0.00009,0.0213,236.647049,34.785782,11.476444,913481
2022年1月6日,676,5,60,1,120,50,160,390,5190.180176,0.075142,0.00009,0.021305,236.700882,34.802826,11.480705,913871
2022年1月7日,677,6,72,1,120,50,160,402,5190.180176,0.077454,0.00009,0.02131,236.757019,34.819874,11.484967,914273
2022年1月8日,678,7,1376,1,120,50,160,1706,5190.180176,0.328698,0.00009,0.021338,237.064392,34.836945,11.489235,915979
2022年1月9日,679,1,12,1,120,50,160,342,5190.180176,0.065894,0.00009,0.021342,237.108932,34.854019,11.493504,916321
2022年1月10日,680,2,24,1,120,50,160,354,5190.180176,0.068206,0.00009,0.021346,237.155792,34.871098,11.497773,916675
2022年1月11日,681,3,36,1,120,50,160,366,5190.180176,0.070518,0.00009,0.02135,237.204956,34.888176,11.502043,917041
2022年1月12日,682,4,48,1,120,50,160,378,5190.180176,0.07283,0.00009,0.021355,237.256424,34.905258,11.506313,917419
2022年1月13日,683,5,60,1,120,50,160,390,5190.180176,0.075142,0.00009,0.02136,237.310196,34.922344,11.510585,917809
2022年1月14日,684,6,72,1,120,50,160,402,5190.180176,0.077454,0.00009,0.021365,237.366287,34.939438,11.514858,918211
2022年1月15日,685,7,1376,1,120,50,160,1706,5190.180176,0.328698,0.00009,0.021393,237.673599,34.956551,11.519136,919917
2022年1月16日,686,1,12,1,120,50,160,342,5190.180176,0.065894,0.00009,0.021397,237.718094,34.973667,11.523416,920259
2022年1月17日,687,2,24,1,120,50,160,354,5190.180176,0.068206,0.00009,0.021401,237.764893,34.990788,11.527696,920613
2022年1月18日,688,3,36,1,120,50,160,366,5190.180176,0.070518,0.00009,0.021405,237.813995,35.007912,11.531977,920979
2022年1月19日,689,4,48,1,120,50,160,378,5190.180176,0.07283,0.00009,0.02141,237.865417,35.02504,11.536259,921357
2022年1月20日,690,5,60,1,120,50,160,390,5190.180176,0.075142,0.00009,0.021415,237.919144,35.042171,11.540542,921747
2022年1月21日,691,6,72,1,120,50,160,402,5190.180176,0.077454,0.00009,0.02142,237.975174,35.059307,11.544826,922149
2022年1月22日,692,7,1376,1,120,50,160,1706,5190.180176,0.328698,0.00009,0.021447,238.282425,35.076466,11.549115,923855
2022年1月23日,693,1,12,1,120,50,160,342,5190.180176,0.065894,0.00009,0.021451,238.326859,35.093628,11.553406,924197
2022年1月24日,694,2,24,1,120,50,160,354,5190.180176,0.068206,0.00009,0.021456,238.373611,35.110794,11.557697,924551
2022年1月25日,695,3,36,1,120,50,160,366,5190.180176,0.070518,0.00009,0.02146,238.422668,35.12796,11.561989,924917
2022年1月26日,696,4,48,1,120,50,160,378,5190.180176,0.07283,0.00009,0.021465,238.47403,35.14513,11.566281,925295
2022年1月27日,697,5,60,1,120,50,160,390,5190.180176,0.075142,0.00009,0.021469,238.527695,35.162304,11.570575,925685
2022年1月28日,698,6,72,1,120,50,160,402,5190.180176,0.077454,0.00009,0.021474,238.583679,35.179485,11.57487,926087
2022年1月29日,699,7,1376,1,120,50,160,1706,5190.180176,0.328698,0.00009,0.021502,238.890884,35.196686,11.57917,927793
2022年1月30日,700,1,12,1,120,50,160,342,5190.180176,0.065894,0.00009,0.021506,238.935272,35.21389,11.583471,928135
2022年1月31日,701,2,24,1,120,50,160,354,5190.180176,0.068206,0.00008,0.01912,238.98436,35.229187,11.587296,928489
2022年2月1日,702,3,36,1,120,50,160,366,5190.180176,0.070518,0.00008,0.019124,239.035751,35.244488,11.591121,928855
2022年2月2日,703,4,48,1,120,50,160,378,5190.180176,0.07283,0.00008,0.019129,239.089447,35.259792,11.594947,929233
2022年2月3日,704,5,60,1,120,50,160,390,5190.180176,0.075142,0.00008,0.019133,239.145447,35.275101,11.598774,929623
2022年2月4日,705,6,72,1,120,50,160,402,5190.180176,0.077454,0.00008,0.019138,239.203766,35.290409,11.602601,930025
2022年2月5日,706,7,1376,1,120,50,160,1706,5190.180176,0.328698,0.00008,0.019163,239.513306,35.30574,11.606434,931731
2022年2月6日,707,1,12,1,120,50,160,342,5190.180176,0.065894,0.00008,0.019166,239.560028,35.321072,11.610267,932073
2022年2月7日,708,2,24,1,120,50,160,354,5190.180176,0.068206,0.00008,0.01917,239.60907,35.336407,11.6141,932427
2022年2月8日,709,3,36,1,120,50,160,366,5190.180176,0.070518,0.00008,0.019174,239.6604,35.351746,11.617935,932793
2022年2月9日,710,4,48,1,120,50,160,378,5190.180176,0.07283,0.00008,0.019179,239.71405,35.367088,11.621771,933171
2022年2月10日,711,5,60,1,120,50,160,390,5190.180176,0.075142,0.00008,0.019183,239.770004,35.382435,11.625607,933561
2022年2月11日,712,6,72,1,120,50,160,402,5190.180176,0.077454,0.00008,0.019188,239.828278,35.397785,11.629445,933963
2022年2月12日,713,7,1376,1,120,50,160,1706,5190.180176,0.328698,0.00008,0.019213,240.137772,35.413155,11.633287,935669
2022年2月13日,714,1,12,1,120,50,160,342,5190.180176,0.065894,0.00008,0.019216,240.184448,35.428528,11.637131,936011
2022年2月14日,715,2,24,1,120,50,160,354,5190.180176,0.068206,0.00008,0.01922,240.233429,35.443905,11.640975,936365
2022年2月15日,716,3,36,1,120,50,160,366,5190.180176,0.070518,0.00008,0.019224,240.284714,35.459286,11.64482,936731
2022年2月16日,717,4,48,1,120,50,160,378,5190.180176,0.07283,0.00008,0.019229,240.338318,35.47467,11.648666,937109
2022年2月17日,718,5,60,1,120,50,160,390,5190.180176,0.075142,0.00008,0.019233,240.394226,35.490055,11.652513,937499
2022年2月18日,719,6,72,1,120,50,160,402,5190.180176,0.077454,0.00008,0.019238,240.452438,35.505444,11.65636,937901
2022年2月19日,720,7,1376,1,120,50,160,1706,5190.180176,0.328698,0.00008,0.019262,240.761887,35.520855,11.660213,939607
2022年2月20日,721,1,12,1,120,50,160,342,5190.180176,0.065894,0.00008,0.019266,240.808502,35.536266,11.664065,939949
2022年2月21日,722,2,24,1,120,50,160,354,5190.180176,0.068206,0.00008,0.01927,240.857437,35.551682,11.667919,940303
2022年2月22日,723,3,36,1,120,50,160,366,5190.180176,0.070518,0.00008,0.019274,240.908676,35.567101,11.671774,940669
2022年2月23日,724,4,48,1,120,50,160,378,5190.180176,0.07283,0.00008,0.019279,240.962234,35.582523,11.67563,941047
2022年2月24日,725,5,60,1,120,50,160,390,5190.180176,0.075142,0.00008,0.019283,241.018082,35.59795,11.679486,941437
2022年2月25日,726,6,72,1,120,50,160,402,5190.180176,0.077454,0.00008,0.019288,241.076248,35.61338,11.683344,941839
2022年2月26日,727,7,1376,1,120,50,160,1706,5190.180176,0.328698,0.00008,0.019312,241.385635,35.62883,11.687206,943545
2022年2月27日,728,1,12,1,120,50,160,342,5190.180176,0.065894,0.00008,0.019316,241.432205,35.644283,11.69107,943887
2022年2月28日,729,2,24,1,120,50,160,354,5190.180176,0.068206,0.00008,0.01932,241.481094,35.65974,11.694934,944241
2022年3月1日,730,3,36,1,120,50,160,366,5190.180176,0.070518,0.00008,0.019324,241.532288,35.675201,11.698799,944607
